{
  "best_metric": 0.4177747964859009,
  "best_model_checkpoint": "./llama-fine-tuned-v4/checkpoint-100000",
  "epoch": 5.0,
  "eval_steps": 500,
  "global_step": 100000,
  "is_hyper_param_search": false,
  "is_local_process_zero": true,
  "is_world_process_zero": true,
  "log_history": [
    {
      "epoch": 1.0,
      "grad_norm": 0.38578280806541443,
      "learning_rate": 1.6081809045226132e-05,
      "loss": 0.485,
      "step": 20000
    },
    {
      "epoch": 1.0,
      "eval_loss": 0.42587071657180786,
      "eval_runtime": 1190.1198,
      "eval_samples_per_second": 33.61,
      "eval_steps_per_second": 16.805,
      "step": 20000
    },
    {
      "epoch": 2.0,
      "grad_norm": 0.6170824766159058,
      "learning_rate": 1.2063115577889449e-05,
      "loss": 0.4247,
      "step": 40000
    },
    {
      "epoch": 2.0,
      "eval_loss": 0.42202696204185486,
      "eval_runtime": 1193.0072,
      "eval_samples_per_second": 33.529,
      "eval_steps_per_second": 16.764,
      "step": 40000
    },
    {
      "epoch": 3.0,
      "grad_norm": 0.5720698237419128,
      "learning_rate": 8.04462311557789e-06,
      "loss": 0.4217,
      "step": 60000
    },
    {
      "epoch": 3.0,
      "eval_loss": 0.4196817874908447,
      "eval_runtime": 1192.741,
      "eval_samples_per_second": 33.536,
      "eval_steps_per_second": 16.768,
      "step": 60000
    },
    {
      "epoch": 4.0,
      "grad_norm": 0.5072358250617981,
      "learning_rate": 4.026130653266332e-06,
      "loss": 0.4197,
      "step": 80000
    },
    {
      "epoch": 4.0,
      "eval_loss": 0.4182712435722351,
      "eval_runtime": 1194.8006,
      "eval_samples_per_second": 33.478,
      "eval_steps_per_second": 16.739,
      "step": 80000
    },
    {
      "epoch": 5.0,
      "grad_norm": 0.5734339952468872,
      "learning_rate": 7.839195979899499e-09,
      "loss": 0.4185,
      "step": 100000
    },
    {
      "epoch": 5.0,
      "eval_loss": 0.4177747964859009,
      "eval_runtime": 1193.1109,
      "eval_samples_per_second": 33.526,
      "eval_steps_per_second": 16.763,
      "step": 100000
    }
  ],
  "logging_steps": 10,
  "max_steps": 100000,
  "num_input_tokens_seen": 0,
  "num_train_epochs": 5,
  "save_steps": 500,
  "stateful_callbacks": {
    "TrainerControl": {
      "args": {
        "should_epoch_stop": false,
        "should_evaluate": false,
        "should_log": false,
        "should_save": true,
        "should_training_stop": true
      },
      "attributes": {}
    }
  },
  "total_flos": 1.1978957389824e+18,
  "train_batch_size": 2,
  "trial_name": null,
  "trial_params": null
}
